Rk,Player,Age,Team,Pos,G,GS,MP,FG,FGA,FG%,3P,3PA,3P%,2P,2PA,2P%,eFG%,FT,FTA,FT%,ORB,DRB,TRB,AST,STL,BLK,TOV,PF,PTS,PER,USG%,_key,Salary_Millions,Expected_PER,Efficiency_Surplus,Surplus_Rank,PER_Rank,Salary_Rank,PVI,Salary_Tier,Value_Label,Player_display
1,Shai Gilgeous-Alexander,26,OKC,PG,76,76,34.2,11.3,21.8,0.519,2.1,5.7,0.375,9.2,16.1,0.571,0.569,7.9,8.8,0.898,0.9,4.1,5.0,6.4,1.7,1.0,2.4,2.2,32.7,30.7,34.8,shai gilgeous-alexander,35.85995,18.69026070202665,12.01,1,2,25,1.826550232222856,Superstar (>=25M),STEAL,Shai Gilgeous-Alexander
2,Giannis Antetokounmpo,30,MIL,PF,67,67,34.2,11.8,19.7,0.601,0.2,0.9,0.222,11.6,18.7,0.62,0.607,6.5,10.6,0.617,2.2,9.7,11.9,6.5,0.9,1.2,3.1,2.3,30.4,30.5,35.2,giannis antetokounmpo,48.787676,20.935544602218464,9.56,5,3,9,1.346651560119404,Superstar (>=25M),STEAL,Giannis Antetokounmpo
3,Nikola Jokic,29,DEN,C,70,70,36.7,11.2,19.5,0.576,2.0,4.7,0.417,9.3,14.8,0.627,0.627,5.2,6.4,0.8,2.9,9.9,12.7,10.2,1.8,0.6,3.3,2.3,29.6,32.0,29.5,nikola jokic,51.415938,21.397244838678063,10.6,2,1,2,1.1961271619706715,Superstar (>=25M),STEAL,Nikola Jokic
5,Anthony Edwards,23,MIN,SG,79,79,36.3,9.1,20.4,0.447,4.1,10.3,0.395,5.1,10.1,0.501,0.547,5.3,6.3,0.837,0.8,4.9,5.7,4.5,1.2,0.6,3.2,1.9,27.6,20.1,31.4,anthony edwards,42.1764,19.781963832158944,0.32,84,26,15,1.2210620157244336,Superstar (>=25M),Fair Value,Anthony Edwards
6,Jayson Tatum,26,BOS,PF,72,72,36.4,9.2,20.3,0.452,3.5,10.1,0.343,5.7,10.2,0.559,0.537,5.0,6.1,0.814,0.7,8.0,8.7,6.0,1.1,0.5,2.9,2.2,26.8,21.7,31.2,jayson tatum,34.84834,18.51636643800745,3.18,34,15,30,1.518006309626226,Superstar (>=25M),Undervalued,Jayson Tatum
7,Kevin Durant,36,PHX,PF,62,62,36.5,9.5,18.1,0.527,2.6,6.0,0.43,7.0,12.1,0.574,0.598,4.9,5.8,0.839,0.4,5.7,6.0,4.2,0.8,1.2,3.1,1.7,26.6,21.2,28.7,kevin durant,51.179021,21.355553824428174,-0.16,94,21,3,0.9750088810803943,Superstar (>=25M),Fair Value,Kevin Durant
8,Tyrese Maxey,24,PHI,PG,52,52,37.7,9.2,21.0,0.437,3.1,9.2,0.337,6.1,11.8,0.515,0.511,4.9,5.6,0.879,0.3,3.1,3.3,6.1,1.8,0.4,2.4,2.2,26.3,19.5,29.8,tyrese maxey,35.147,18.56767844195963,0.93,66,36,28,1.40268017184966,Superstar (>=25M),Fair Value,Tyrese Maxey
9,Cade Cunningham,23,DET,PG,70,70,35.0,9.8,20.8,0.469,2.1,6.0,0.356,7.6,14.8,0.515,0.521,4.5,5.3,0.846,0.8,5.3,6.1,9.1,1.0,0.8,4.4,2.8,26.1,20.6,33.2,cade cunningham,13.940809,14.98095229404118,5.62,15,23,87,3.8591734525593173,Role Player (5-15M),STEAL,Cade Cunningham
10,Jalen Brunson,28,NYK,PG,65,65,35.4,9.0,18.5,0.488,2.3,6.1,0.383,6.7,12.4,0.539,0.551,5.7,6.9,0.821,0.4,2.5,2.9,7.3,0.9,0.1,2.5,2.1,26.0,21.6,29.5,jalen brunson,24.960001,16.83034827971999,4.77,19,16,51,2.047275559003383,Star (15-25M),STEAL,Jalen Brunson
11,Paolo Banchero,22,ORL,PF,46,46,34.4,9.0,19.8,0.452,1.9,5.9,0.32,7.1,13.9,0.509,0.5,6.1,8.4,0.727,1.1,6.4,7.5,4.8,0.8,0.6,3.0,2.1,25.9,20.0,33.6,paolo banchero,12.1608,14.685117344944558,5.31,16,28,96,4.407604762844549,Role Player (5-15M),STEAL,Paolo Banchero
12,Devin Booker,28,PHX,SG,75,75,37.3,8.7,18.9,0.461,2.4,7.3,0.332,6.3,11.6,0.542,0.525,5.8,6.4,0.894,1.0,3.1,4.1,7.1,0.9,0.2,2.9,2.6,25.6,19.3,29.3,devin booker,49.2058,21.008877318118643,-1.71,138,37,5,0.9876884432323019,Superstar (>=25M),Overpaid,Devin Booker
13,LaMelo Ball,23,CHO,PG,47,47,32.0,8.6,21.3,0.405,3.8,11.2,0.339,4.8,10.1,0.478,0.494,4.1,4.9,0.843,1.0,3.9,4.9,7.4,1.1,0.3,3.6,3.3,25.2,19.1,35.9,lamelo ball,35.147,18.56767844195963,0.53,75,41,28,1.5648561754915071,Superstar (>=25M),Fair Value,LaMelo Ball
14,Damian Lillard,34,MIL,PG,58,58,36.1,7.7,17.1,0.448,3.4,9.0,0.376,4.3,8.1,0.528,0.547,6.2,6.8,0.921,0.5,4.2,4.7,7.1,1.2,0.2,2.8,1.7,24.9,21.3,27.8,damian lillard,48.787676,20.935544602218464,0.36,82,20,9,1.0064016986584892,Superstar (>=25M),Fair Value,Damian Lillard
16,Kyrie Irving,32,DAL,SG,50,50,36.1,8.9,18.9,0.473,2.9,7.2,0.401,6.1,11.7,0.517,0.549,3.9,4.3,0.916,1.2,3.6,4.8,4.6,1.3,0.5,2.2,2.0,24.7,19.9,27.4,kyrie irving,41.0,19.5778681629218,0.32,84,32,19,1.1536585365853658,Superstar (>=25M),Fair Value,Kyrie Irving
18,Stephen Curry,36,GSW,PG,70,70,32.2,8.1,18.0,0.448,4.4,11.2,0.397,3.6,6.8,0.534,0.572,4.0,4.3,0.933,0.6,3.9,4.4,6.0,1.1,0.4,2.9,1.4,24.5,21.5,29.8,stephen curry,55.761216,22.164441058673773,-0.66,109,17,1,0.9199942841992542,Superstar (>=25M),Fair Value,Stephen Curry
19,LeBron James,40,LAL,SF,70,70,34.9,9.3,18.1,0.513,2.1,5.7,0.376,7.2,12.5,0.574,0.571,3.7,4.7,0.782,1.0,6.8,7.8,8.2,1.0,0.6,3.7,1.4,24.4,22.7,30.1,lebron james,48.728845,20.925230107457715,1.77,51,9,11,1.0835471269635057,Superstar (>=25M),Undervalued,LeBron James
20,Karl-Anthony Towns,29,NYK,C,72,72,35.0,8.9,16.9,0.526,2.0,4.7,0.42,6.9,12.2,0.567,0.584,4.7,5.7,0.829,2.9,9.8,12.8,3.1,1.0,0.7,2.7,3.5,24.4,23.4,27.4,karl-anthony towns,49.2058,21.008877318118643,2.39,42,7,5,1.0323986196749162,Superstar (>=25M),Undervalued,Karl-Anthony Towns
21,Victor Wembanyama,21,SAS,C,46,46,33.2,8.9,18.6,0.476,3.1,8.8,0.352,5.8,9.9,0.586,0.559,3.4,4.1,0.836,1.8,9.2,11.0,3.7,1.1,3.8,3.2,2.3,24.3,24.2,30.4,victor wembanyama,12.76896,14.786101599869893,9.41,6,5,91,4.275994286143899,Role Player (5-15M),STEAL,Victor Wembanyama
22,Franz Wagner,23,ORL,SF,60,60,33.7,9.0,19.4,0.463,1.7,5.9,0.295,7.2,13.5,0.535,0.507,4.5,5.2,0.871,0.9,4.8,5.7,4.7,1.3,0.4,2.3,2.5,24.2,20.1,31.0,franz wagner,7.007092,13.833144673565743,6.27,13,26,127,7.292611542705591,Role Player (5-15M),STEAL,Franz Wagner
23,Trae Young,26,ATL,PG,76,76,36.0,7.4,18.1,0.411,2.9,8.4,0.34,4.6,9.7,0.474,0.491,6.5,7.4,0.875,0.5,2.6,3.1,11.6,1.2,0.2,4.7,1.9,24.2,18.3,29.6,trae young,43.03194,19.93061508328181,-1.63,133,48,13,1.1131266682375929,Superstar (>=25M),Overpaid,Trae Young
24,Donovan Mitchell,28,CLE,SG,71,71,31.4,8.2,18.6,0.443,3.3,8.9,0.368,5.0,9.7,0.512,0.531,4.2,5.1,0.823,0.8,3.7,4.5,5.0,1.3,0.2,2.1,2.0,24.0,20.9,30.9,donovan mitchell,35.41031,18.612935961899268,2.29,44,22,27,1.4628507911961233,Superstar (>=25M),Undervalued,Donovan Mitchell
26,Tyler Herro,25,MIA,SG,77,77,35.4,8.5,17.9,0.472,3.3,8.7,0.375,5.2,9.2,0.565,0.563,3.7,4.2,0.878,0.5,4.7,5.2,5.5,0.9,0.2,2.6,1.1,23.9,19.7,28.0,tyler herro,29.0,17.516171981544474,2.18,46,34,43,1.6448275862068966,Superstar (>=25M),Undervalued,Tyler Herro
30,Ja Morant,25,MEM,PG,50,50,30.4,8.1,17.8,0.454,1.8,5.7,0.309,6.3,12.1,0.523,0.504,5.3,6.4,0.824,0.7,3.4,4.1,7.3,1.2,0.2,3.7,2.3,23.2,19.3,32.2,ja morant,36.72567,18.83928436813625,0.46,79,37,21,1.402288916716836,Superstar (>=25M),Fair Value,Ja Morant
31,James Harden,35,LAC,PG,79,79,35.3,6.7,16.4,0.41,3.0,8.5,0.352,3.7,7.9,0.472,0.501,6.4,7.3,0.874,0.7,5.1,5.8,8.7,1.5,0.7,4.3,2.1,22.8,20.0,29.6,james harden,33.653846,18.31137141427166,1.69,54,28,34,1.4738285781660734,Superstar (>=25M),Undervalued,James Harden
32,Jaylen Brown,28,BOS,SF,63,63,34.3,8.2,17.7,0.463,1.8,5.7,0.324,6.4,12.1,0.529,0.515,3.9,5.1,0.764,1.3,4.5,5.8,4.5,1.2,0.3,2.6,2.4,22.2,17.8,28.9,jaylen brown,49.2058,21.008877318118643,-3.21,166,55,5,0.9490751090318621,Superstar (>=25M),Overpaid,Jaylen Brown
33,DeMar DeRozan,35,SAC,SF,77,77,35.9,8.1,17.0,0.477,1.1,3.3,0.328,7.0,13.7,0.513,0.509,4.9,5.7,0.857,0.6,3.2,3.9,4.4,0.8,0.4,1.4,1.9,22.2,17.7,25.0,demar derozan,23.4,16.5666413394098,1.13,62,58,54,1.824786324786325,Star (15-25M),Fair Value,DeMar DeRozan
35,Jaren Jackson Jr.,25,MEM,C,74,74,29.8,8.0,16.4,0.488,2.0,5.3,0.375,6.0,11.1,0.541,0.548,4.2,5.4,0.781,1.2,4.4,5.6,2.0,1.2,1.5,2.1,3.5,22.2,19.6,28.1,jaren jackson jr,25.257798,16.88075941429417,2.72,39,35,50,1.8885256743283798,Superstar (>=25M),Undervalued,Jaren Jackson Jr.
36,Norman Powell,31,LAC,SG,60,60,32.6,7.6,15.8,0.484,3.0,7.1,0.418,4.6,8.6,0.538,0.578,3.6,4.4,0.804,0.4,2.8,3.2,2.1,1.2,0.2,1.8,1.9,21.8,17.5,26.1,norman powell,19.241379,15.866695262497071,1.63,57,65,69,2.265949857336109,Star (15-25M),Undervalued,Norman Powell
37,Jalen Williams,23,OKC,SG,69,69,32.4,8.2,16.9,0.484,1.8,4.9,0.365,6.4,12.0,0.533,0.537,3.4,4.3,0.789,0.9,4.5,5.3,5.1,1.6,0.7,2.2,2.3,21.6,20.3,27.5,jalen williams,4.77576,13.466383125549395,6.83,11,24,148,10.008878168082148,Minimum/Vet (<5M),STEAL,Jalen Williams
39,Jamal Murray,27,DEN,PG,67,67,36.1,7.9,16.7,0.474,2.3,5.9,0.393,5.6,10.8,0.518,0.543,3.3,3.7,0.886,0.7,3.2,3.9,6.0,1.4,0.5,2.1,1.9,21.4,17.8,24.0,jamal murray,36.0162,18.717143163626492,-0.92,117,55,24,1.1605888461303524,Superstar (>=25M),Fair Value,Jamal Murray
40,Trey Murphy III,24,NOP,SF,53,51,35.0,7.2,15.8,0.454,3.0,8.3,0.361,4.2,7.6,0.556,0.548,3.8,4.3,0.887,0.9,4.2,5.1,3.5,1.1,0.7,1.9,2.1,21.2,17.3,23.7,trey murphy iii,5.159854,13.529425563879022,3.77,29,68,147,7.945961261694614,Role Player (5-15M),Undervalued,Trey Murphy III
41,RJ Barrett,24,TOR,SF,58,58,32.2,7.9,16.9,0.468,1.8,5.3,0.35,6.1,11.7,0.522,0.523,3.4,5.4,0.63,1.1,5.3,6.3,5.4,0.8,0.3,2.8,2.4,21.1,16.5,28.7,rj barrett,25.794643,16.971693897132774,-0.47,100,75,48,1.7523018248401423,Superstar (>=25M),Fair Value,RJ Barrett
42,CJ McCollum,33,NOP,PG,56,56,32.7,7.9,17.9,0.444,3.1,8.2,0.373,4.9,9.7,0.505,0.53,2.2,3.1,0.717,0.8,3.0,3.8,4.1,0.8,0.4,1.9,2.2,21.1,15.8,27.2,cj mccollum,33.333333,18.256428104869933,-2.46,154,83,35,1.2900000129,Superstar (>=25M),Overpaid,CJ McCollum
43,Jalen Green,22,HOU,SG,82,82,32.9,7.4,17.5,0.423,2.9,8.1,0.354,4.6,9.5,0.482,0.505,3.3,4.1,0.813,0.5,4.0,4.6,3.4,0.9,0.3,2.5,1.5,21.0,15.1,27.3,jalen green,12.483048,14.738614474319967,0.36,82,95,95,3.3966063416563004,Role Player (5-15M),Fair Value,Jalen Green
45,Darius Garland,25,CLE,PG,75,75,30.7,7.4,15.7,0.472,2.8,7.1,0.401,4.6,8.6,0.53,0.562,3.0,3.4,0.878,0.6,2.2,2.9,6.7,1.2,0.1,2.5,1.9,20.6,19.9,27.2,darius garland,36.72567,18.83928436813625,1.06,63,32,21,1.28248170829831,Superstar (>=25M),Fair Value,Darius Garland
46,Jordan Poole,25,WAS,SG,68,68,29.4,6.7,15.5,0.432,3.5,9.1,0.378,3.3,6.4,0.51,0.544,3.6,4.0,0.883,0.5,2.5,3.0,4.5,1.3,0.4,3.0,3.0,20.5,16.6,29.0,jordan poole,29.651786,17.627208883600716,-1.03,121,72,40,1.5378500303489306,Superstar (>=25M),Fair Value,Jordan Poole
47,Coby White,24,CHI,SG,74,73,33.1,6.9,15.1,0.453,2.9,7.9,0.37,3.9,7.3,0.544,0.55,3.7,4.1,0.902,0.3,3.4,3.7,4.5,0.9,0.2,2.4,2.1,20.4,15.5,24.4,coby white,12.0,14.658432493632255,0.84,68,91,97,3.3249999999999997,Role Player (5-15M),Fair Value,Coby White
48,Miles Bridges,26,CHO,PF,64,64,31.7,7.3,17.0,0.431,2.2,7.0,0.313,5.1,10.0,0.513,0.495,3.5,4.0,0.87,1.1,6.4,7.5,3.9,0.7,0.7,2.1,1.5,20.3,17.7,28.0,miles bridges,27.173913,17.20566180473876,0.49,77,58,45,1.6817600026908162,Superstar (>=25M),Fair Value,Miles Bridges
49,Austin Reaves,26,LAL,SG,73,73,34.9,6.5,14.2,0.46,2.7,7.3,0.377,3.8,6.9,0.547,0.556,4.4,5.0,0.877,0.8,3.7,4.5,5.8,1.1,0.3,2.4,2.1,20.2,18.1,23.7,austin reaves,12.976362,14.820562073093813,3.28,33,52,90,3.221241824172291,Role Player (5-15M),Undervalued,Austin Reaves
50,Pascal Siakam,30,IND,PF,78,78,32.7,7.9,15.2,0.519,1.6,4.2,0.389,6.2,11.0,0.568,0.572,2.9,3.9,0.734,1.7,5.2,6.9,3.4,0.9,0.5,1.4,2.4,20.2,19.2,24.2,pascal siakam,42.1764,19.781963832158944,-0.58,107,39,15,1.0290114850959304,Superstar (>=25M),Fair Value,Pascal Siakam
51,Kristaps Porzingis,29,BOS,C,42,42,28.8,6.6,13.7,0.483,2.5,6.0,0.412,4.1,7.7,0.537,0.572,3.8,4.7,0.809,1.6,5.1,6.8,2.1,0.7,1.5,1.3,2.8,19.5,22.3,25.9,kristaps porzingis,29.268293,17.561864669491722,4.74,20,10,42,1.6468333154926391,Superstar (>=25M),STEAL,Kristaps Porzingis
52,Scottie Barnes,23,TOR,PF,65,65,32.8,7.3,16.4,0.446,1.2,4.3,0.271,6.1,12.0,0.508,0.482,3.5,4.6,0.755,1.7,6.0,7.7,5.8,1.4,1.0,2.8,1.7,19.3,17.8,27.0,scottie barnes,10.13098,14.348752341207794,3.45,31,55,108,4.42207960138111,Role Player (5-15M),Undervalued,Scottie Barnes
53,Anfernee Simons,25,POR,SG,70,70,32.7,6.8,16.1,0.426,3.1,8.5,0.363,3.8,7.6,0.496,0.521,2.5,2.8,0.902,0.4,2.3,2.7,4.8,0.9,0.1,2.0,1.7,19.3,14.9,24.6,anfernee simons,25.892857,16.988338027109176,-2.09,146,98,47,1.5255172497959573,Superstar (>=25M),Overpaid,Anfernee Simons
54,Desmond Bane,26,MEM,SG,69,68,32.0,7.1,14.8,0.484,2.4,6.1,0.392,4.8,8.7,0.548,0.565,2.6,2.9,0.894,0.9,5.2,6.1,5.3,1.2,0.4,2.4,2.4,19.2,17.9,23.3,desmond bane,34.00525,18.371640323749247,-0.47,100,54,32,1.2115776240433465,Superstar (>=25M),Fair Value,Desmond Bane
55,Domantas Sabonis,28,SAC,C,70,70,34.7,7.5,12.8,0.59,0.9,2.2,0.417,6.6,10.5,0.627,0.627,3.1,4.1,0.754,3.8,10.1,13.9,6.0,0.7,0.4,2.9,3.3,19.1,22.9,21.6,domantas sabonis,40.5,19.491229406029777,3.41,32,8,20,1.0987654320987654,Superstar (>=25M),Undervalued,Domantas Sabonis
56,Alperen Sengun,22,HOU,C,76,76,31.5,7.5,15.0,0.496,0.3,1.2,0.233,7.2,13.9,0.519,0.505,3.9,5.6,0.692,3.4,6.9,10.3,4.9,1.1,0.8,2.6,2.8,19.1,21.4,26.2,alperen sengun,5.424654,13.572909895915668,7.83,8,18,144,8.774753191632128,Role Player (5-15M),STEAL,Alperen Sengun
57,John Collins,27,UTA,PF,40,31,30.5,7.0,13.3,0.527,1.5,3.7,0.399,5.5,9.6,0.577,0.583,3.5,4.1,0.848,2.2,6.0,8.2,2.0,1.0,1.0,2.6,2.9,19.0,19.0,24.2,john collins,26.58,17.10485573395473,1.9,49,42,46,1.6252821670428896,Superstar (>=25M),Undervalued,John Collins
58,Lauri Markkanen,27,UTA,PF,47,47,31.4,6.3,14.9,0.423,2.9,8.5,0.346,3.4,6.4,0.525,0.521,3.4,3.9,0.876,1.5,4.4,5.9,1.5,0.7,0.4,1.4,1.7,19.0,15.6,24.0,lauri markkanen,42.1764,19.781963832158944,-4.18,181,88,15,0.9389137052949043,Superstar (>=25M),WAY Overpaid,Lauri Markkanen
60,Cameron Johnson,28,BRK,PF,57,57,31.6,6.2,13.1,0.475,2.8,7.2,0.39,3.4,5.9,0.578,0.582,3.5,3.9,0.893,0.9,3.4,4.3,3.4,0.9,0.4,1.7,1.8,18.8,18.2,22.9,cameron johnson,22.5,16.41478572807923,1.79,50,50,60,1.8266666666666664,Star (15-25M),Undervalued,Cameron Johnson
61,Julius Randle,30,MIN,PF,69,69,32.3,6.6,13.6,0.485,1.6,4.6,0.344,5.0,9.1,0.555,0.542,3.9,4.9,0.806,2.1,5.0,7.1,4.7,0.7,0.2,2.8,2.5,18.7,17.5,25.0,julius randle,33.07392,18.211977966202795,-0.71,111,65,36,1.2850003870118811,Superstar (>=25M),Fair Value,Julius Randle
62,Tyrese Haliburton,24,IND,PG,73,73,33.6,6.5,13.8,0.473,3.0,7.7,0.388,3.5,6.1,0.581,0.582,2.6,3.0,0.851,0.6,3.0,3.5,9.2,1.4,0.7,1.6,1.3,18.6,21.8,21.6,tyrese haliburton,42.1764,19.781963832158944,2.02,47,14,15,1.0290114850959304,Superstar (>=25M),Undervalued,Tyrese Haliburton
63,Evan Mobley,23,CLE,PF,71,71,30.5,7.1,12.8,0.557,1.2,3.2,0.37,5.9,9.5,0.621,0.604,3.1,4.3,0.725,2.3,7.0,9.3,3.2,0.9,1.6,2.0,2.0,18.5,22.3,23.2,evan mobley,11.227657,14.530353827866247,7.77,9,10,102,4.052492875405795,Role Player (5-15M),STEAL,Evan Mobley
64,Shaedon Sharpe,21,POR,SG,72,52,31.3,6.9,15.3,0.452,2.0,6.6,0.311,4.9,8.8,0.557,0.519,2.6,3.4,0.785,0.9,3.6,4.5,2.8,0.9,0.2,2.1,1.7,18.5,14.5,25.1,shaedon sharpe,6.61416,13.76846657395332,0.73,71,105,131,5.9871548314525205,Role Player (5-15M),Fair Value,Shaedon Sharpe
65,Nikola Vucevic,34,CHI,C,73,72,31.2,7.5,14.2,0.53,1.8,4.4,0.402,5.8,9.8,0.587,0.592,1.6,2.0,0.805,2.4,7.6,10.1,3.5,0.8,0.7,1.6,2.2,18.5,20.3,22.4,nikola vucevic,20.0,15.994050736684642,4.31,23,24,64,2.1350000000000002,Star (15-25M),STEAL,Nikola Vucevic
66,Collin Sexton,26,UTA,SG,63,61,27.9,6.6,13.8,0.48,1.7,4.3,0.406,4.9,9.5,0.513,0.543,3.4,4.0,0.865,1.0,1.8,2.7,4.2,0.7,0.1,2.5,2.3,18.4,16.6,27.0,collin sexton,18.35,15.717240632984891,0.88,67,72,71,2.3760217983651226,Star (15-25M),Fair Value,Collin Sexton
67,Michael Porter Jr.,26,DEN,SF,77,77,33.7,6.9,13.6,0.504,2.5,6.4,0.395,4.4,7.3,0.599,0.596,1.9,2.5,0.768,1.8,5.2,7.0,2.1,0.6,0.5,1.4,2.0,18.2,16.2,20.2,michael porter jr,35.85995,18.69026070202665,-2.49,155,78,25,1.0150599763803352,Superstar (>=25M),Overpaid,Michael Porter Jr.
68,Bam Adebayo,27,MIA,C,78,78,34.3,6.9,14.3,0.485,1.0,2.8,0.357,5.9,11.4,0.517,0.521,3.2,4.2,0.765,2.4,7.2,9.6,4.3,1.3,0.7,2.1,2.1,18.1,18.9,23.5,bam adebayo,34.84834,18.51636643800745,0.38,81,44,30,1.2167007094168616,Superstar (>=25M),Fair Value,Bam Adebayo
70,OG Anunoby,27,NYK,PF,74,74,36.6,6.6,13.9,0.476,2.3,6.2,0.372,4.3,7.7,0.561,0.559,2.5,3.1,0.81,1.3,3.5,4.8,2.2,1.5,0.9,1.4,2.3,18.0,15.4,19.7,og anunoby,36.637932,18.824172565884677,-3.42,171,92,23,0.9580235041650277,Superstar (>=25M),Overpaid,OG Anunoby
71,Mikal Bridges,28,NYK,SF,82,82,37.0,7.2,14.4,0.5,2.0,5.6,0.354,5.2,8.8,0.594,0.57,1.2,1.4,0.814,0.9,2.3,3.2,3.7,0.9,0.5,1.6,1.5,17.6,14.0,19.6,mikal bridges,23.3,16.549758271106963,-2.55,157,114,55,1.44206008583691,Star (15-25M),Overpaid,Mikal Bridges
75,Malik Monk,26,SAC,SG,65,45,31.6,6.3,14.4,0.439,2.1,6.6,0.325,4.2,7.9,0.534,0.513,2.4,2.7,0.865,0.5,3.3,3.8,5.6,0.9,0.6,2.4,2.4,17.2,15.0,24.6,malik monk,17.405203,15.559051259251703,-0.56,106,97,75,2.275181737323029,Star (15-25M),Fair Value,Malik Monk
78,Bradley Beal,31,PHX,SG,53,38,32.1,6.5,13.1,0.497,1.9,5.0,0.386,4.6,8.1,0.565,0.571,2.1,2.6,0.803,0.6,2.7,3.3,3.7,1.1,0.5,1.9,2.6,17.0,15.2,22.1,bradley beal,50.20393,21.184115073311503,-5.98,191,94,4,0.7429697236849784,Superstar (>=25M),WAY Overpaid,Bradley Beal
79,Deni Avdija,24,POR,SF,72,54,30.0,5.6,11.7,0.476,1.7,4.8,0.365,3.8,7.0,0.552,0.55,4.0,5.2,0.78,1.5,5.7,7.3,3.9,1.0,0.5,2.7,2.4,16.9,17.7,23.2,deni avdija,15.625,15.261607959540768,2.44,41,58,80,2.6176,Star (15-25M),Undervalued,Deni Avdija
80,Keyonte George,21,UTA,PG,67,35,31.5,5.4,13.7,0.391,2.6,7.6,0.343,2.8,6.1,0.449,0.485,3.5,4.3,0.818,0.4,3.4,3.8,5.6,0.7,0.1,2.7,1.7,16.8,12.9,24.3,keyonte george,4.0842,13.352970474759456,-0.45,99,135,158,9.108270897605406,Minimum/Vet (<5M),Fair Value,Keyonte George
81,Ivica Zubac,27,LAC,C,80,80,32.8,7.4,11.8,0.628,0.0,0.0,,7.4,11.8,0.628,0.628,2.0,3.0,0.661,3.8,8.9,12.6,2.7,0.7,1.1,1.6,2.1,16.8,22.3,19.5,ivica zubac,11.74321,14.615831749802727,7.68,10,10,99,3.559503747271828,Role Player (5-15M),STEAL,Ivica Zubac
82,Derrick White,30,BOS,SG,76,76,33.9,5.6,12.6,0.442,3.5,9.1,0.384,2.1,3.5,0.593,0.58,1.8,2.1,0.839,0.9,3.6,4.5,4.8,0.9,1.1,1.7,1.8,16.4,16.6,19.8,derrick white,20.071429,16.00604964208486,0.59,74,72,63,1.8135230929496853,Star (15-25M),Fair Value,Derrick White
83,Malik Beasley,28,DET,SG,82,18,27.8,5.6,13.1,0.43,3.9,9.3,0.416,1.7,3.7,0.466,0.579,1.2,1.7,0.679,0.6,2.0,2.6,1.7,0.9,0.1,1.0,1.5,16.3,14.4,22.5,malik beasley,6.0,13.667452540753258,0.73,71,108,135,6.1499999999999995,Role Player (5-15M),Fair Value,Malik Beasley
84,Devin Vassell,24,SAS,SG,64,53,31.0,6.2,13.9,0.443,2.5,6.7,0.368,3.7,7.2,0.513,0.532,1.5,1.9,0.792,0.5,3.5,4.0,2.9,1.3,0.5,1.4,1.7,16.3,14.2,22.1,devin vassell,29.347826,17.575413382828874,-3.38,168,112,41,1.2368888925537447,Superstar (>=25M),Overpaid,Devin Vassell
86,Paul George,34,PHI,PF,41,41,32.5,6.0,13.9,0.43,2.3,6.5,0.358,3.6,7.4,0.493,0.514,1.9,2.4,0.814,0.6,4.8,5.3,4.3,1.8,0.5,2.6,2.5,16.2,14.5,23.5,paul george,49.2058,21.008877318118643,-6.51,193,105,5,0.7722666840087956,Superstar (>=25M),WAY Overpaid,Paul George
88,Bennedict Mathurin,22,IND,SF,72,49,29.8,5.4,11.8,0.458,1.4,4.0,0.34,4.1,7.8,0.519,0.516,3.8,4.6,0.831,1.2,4.1,5.3,1.9,0.7,0.3,1.9,2.3,16.1,13.6,22.8,bennedict mathurin,7.24572,13.872443006540445,-0.27,97,121,126,5.023655344120391,Role Player (5-15M),Fair Value,Bennedict Mathurin
89,Myles Turner,28,IND,C,72,72,30.2,5.4,11.3,0.481,2.2,5.5,0.396,3.3,5.8,0.561,0.577,2.6,3.3,0.773,1.3,5.3,6.5,1.5,0.8,2.0,1.7,2.5,15.6,16.1,20.7,myles turner,19.9285,15.982041210307425,0.12,88,79,66,1.8466016007225832,Star (15-25M),Fair Value,Myles Turner
90,Christian Braun,23,DEN,SG,79,77,33.9,6.0,10.4,0.58,1.1,2.8,0.397,4.9,7.6,0.648,0.634,2.2,2.7,0.827,1.2,3.9,5.2,2.6,1.1,0.5,1.0,2.2,15.4,16.0,15.8,christian braun,3.08964,13.190081505822626,2.81,37,81,168,10.292461257622247,Minimum/Vet (<5M),Undervalued,Christian Braun
91,Jonathan Kuminga,22,GSW,PF,47,10,24.3,5.5,12.1,0.454,1.0,3.2,0.305,4.5,8.9,0.508,0.495,3.3,5.0,0.668,1.2,3.4,4.6,2.2,0.8,0.4,1.5,1.9,15.3,15.7,27.4,jonathan kuminga,7.636307,13.936798035754146,1.76,52,86,124,5.644089479377923,Role Player (5-15M),Undervalued,Jonathan Kuminga
93,Mark Williams,23,CHO,C,44,41,26.6,6.1,10.2,0.604,0.0,0.1,0.0,6.1,10.1,0.609,0.604,3.0,3.7,0.804,3.0,7.2,10.2,2.5,0.7,1.2,1.6,2.4,15.3,23.9,21.4,mark williams,4.09428,13.354622670495724,10.55,3,6,157,11.064216419004072,Minimum/Vet (<5M),STEAL,Mark Williams
94,Kelly Oubre Jr.,29,PHI,SF,60,57,34.6,5.8,12.4,0.47,1.2,4.0,0.293,4.6,8.3,0.555,0.518,2.3,3.1,0.751,1.6,4.5,6.1,1.8,1.5,0.5,1.3,3.0,15.1,13.5,18.9,kelly oubre jr,7.983,13.993953536769832,-0.49,104,125,123,4.058624577226607,Role Player (5-15M),Fair Value,Kelly Oubre Jr.
97,Stephon Castle,20,SAS,PG,81,47,26.7,5.2,12.2,0.428,1.2,4.1,0.285,4.0,8.1,0.501,0.476,3.1,4.2,0.724,1.1,2.6,3.7,4.1,0.9,0.3,2.2,2.0,14.7,13.7,26.0,stephon castle,9.10512,14.179155855554324,-0.48,103,118,116,4.3601841601209,Role Player (5-15M),Fair Value,Stephon Castle
98,Aaron Gordon,29,DEN,PF,51,42,28.4,5.2,9.7,0.531,1.5,3.4,0.436,3.7,6.4,0.582,0.607,2.8,3.5,0.81,1.6,3.3,4.8,3.2,0.5,0.3,1.4,1.6,14.7,17.0,19.0,aaron gordon,22.841455,16.472374532956444,0.53,75,70,58,1.5760817338475155,Star (15-25M),Fair Value,Aaron Gordon
99,P.J. Washington,26,DAL,PF,57,56,32.2,5.3,11.7,0.453,1.6,4.2,0.381,3.7,7.5,0.493,0.521,2.5,3.5,0.722,1.4,6.3,7.8,2.3,1.1,1.1,2.1,2.3,14.7,14.0,20.4,pj washington,15.5,15.240752900703242,-1.24,124,114,82,2.2193548387096773,Star (15-25M),Fair Value,P.J. Washington
101,Josh Giddey,22,CHI,PG,70,69,30.2,5.3,11.4,0.465,1.5,4.0,0.378,3.8,7.4,0.512,0.531,2.5,3.2,0.781,1.8,6.3,8.1,7.2,1.2,0.6,2.9,1.7,14.6,18.1,21.7,josh giddey,8.352367,14.054880850405159,4.05,25,52,122,4.765116283803143,Role Player (5-15M),STEAL,Josh Giddey
102,Jakob Poeltl,29,TOR,C,57,56,29.6,6.4,10.2,0.627,0.0,0.1,0.333,6.4,10.1,0.628,0.628,1.7,2.5,0.674,3.3,6.3,9.6,2.8,1.2,1.2,1.9,3.1,14.5,20.0,18.7,jakob poeltl,19.5,15.910095412145193,4.09,24,28,67,1.9846153846153847,Star (15-25M),STEAL,Jakob Poeltl
103,Deandre Ayton,26,POR,C,40,40,30.2,6.6,11.7,0.566,0.2,0.8,0.188,6.5,10.9,0.594,0.573,1.0,1.5,0.667,3.1,7.1,10.2,1.6,0.8,1.0,1.7,2.2,14.4,17.7,19.4,deandre ayton,34.005126,18.371619051081026,-0.67,110,58,33,1.0910119844872799,Superstar (>=25M),Fair Value,Deandre Ayton
104,Gradey Dick,21,TOR,SG,54,54,29.4,4.9,12.0,0.41,2.1,6.0,0.35,2.8,5.9,0.47,0.498,2.5,2.9,0.858,0.8,2.8,3.6,1.8,0.9,0.2,1.5,2.2,14.4,10.9,21.0,gradey dick,4.76376,13.46441413885835,-2.56,159,171,149,6.696391086032881,Minimum/Vet (<5M),Overpaid,Gradey Dick
105,Jerami Grant,30,POR,PF,47,47,32.4,4.6,12.2,0.373,2.3,6.3,0.365,2.3,5.9,0.381,0.467,3.0,3.5,0.849,0.6,2.9,3.5,2.1,0.9,1.0,1.4,2.3,14.4,10.9,19.4,jerami grant,29.793104,17.65129784485958,-6.75,196,171,39,1.0170138700552986,Superstar (>=25M),WAY Overpaid,Jerami Grant
106,Payton Pritchard,27,BOS,PG,80,3,28.4,5.1,10.8,0.472,3.2,7.8,0.407,1.9,3.0,0.642,0.62,0.9,1.1,0.845,1.3,2.6,3.8,3.5,0.9,0.2,1.0,1.5,14.3,17.6,19.0,payton pritchard,6.696429,13.782005097966286,3.82,28,64,130,5.465599650201622,Role Player (5-15M),Undervalued,Payton Pritchard
107,Naz Reid,25,MIN,C,80,17,27.5,5.3,11.5,0.462,2.2,5.8,0.379,3.1,5.8,0.544,0.556,1.4,1.8,0.776,1.2,4.9,6.0,2.3,0.7,0.9,1.4,2.4,14.2,15.8,21.5,naz reid,13.986432,14.988545414474395,0.81,70,83,86,2.666870292580695,Role Player (5-15M),Fair Value,Naz Reid
108,Dyson Daniels,21,ATL,SG,76,76,33.8,6.0,12.1,0.493,1.1,3.1,0.34,4.9,9.1,0.545,0.536,1.1,1.8,0.593,1.6,4.3,5.9,4.4,3.0,0.7,2.0,2.3,14.1,15.6,18.2,dyson daniels,6.05952,13.67723788088807,1.92,48,88,134,5.577999577524292,Role Player (5-15M),Undervalued,Dyson Daniels
110,Amen Thompson,22,HOU,SF,69,42,32.2,5.6,10.1,0.557,0.4,1.3,0.275,5.3,8.8,0.599,0.575,2.4,3.6,0.684,2.8,5.4,8.2,3.8,1.4,1.3,2.0,2.4,14.1,18.7,17.5,amen thompson,9.24996,14.203084683443244,4.5,22,46,115,3.9135304368883763,Role Player (5-15M),STEAL,Amen Thompson
111,Fred VanVleet,30,HOU,PG,60,60,35.2,4.8,12.7,0.378,2.7,7.7,0.345,2.1,5.0,0.43,0.483,1.9,2.3,0.81,0.5,3.2,3.7,5.6,1.6,0.4,1.5,2.3,14.1,12.8,17.7,fred vanvleet,42.846615,19.898398738206808,-7.1,199,139,14,0.7118415305386435,Superstar (>=25M),WAY Overpaid,Fred VanVleet
112,Dillon Brooks,29,HOU,SF,75,75,31.8,5.1,11.9,0.429,2.5,6.3,0.397,2.6,5.7,0.465,0.533,1.3,1.6,0.818,1.0,2.7,3.7,1.7,0.8,0.2,1.0,3.2,14.0,11.0,17.7,dillon brooks,22.255493,16.373566197884617,-5.37,189,169,62,1.2895692762231776,Star (15-25M),WAY Overpaid,Dillon Brooks
114,Klay Thompson,34,DAL,SF,72,72,27.3,5.0,12.2,0.412,3.0,7.7,0.391,2.0,4.5,0.448,0.535,0.9,1.0,0.905,0.6,2.8,3.4,2.0,0.7,0.4,1.2,1.1,14.0,12.9,21.8,klay thompson,15.873016,15.302998887383357,-2.4,152,135,79,2.1860999825112004,Star (15-25M),Overpaid,Klay Thompson
115,Bobby Portis,29,MIL,PF,49,7,25.4,5.7,12.1,0.466,1.3,3.6,0.365,4.3,8.5,0.508,0.52,1.2,1.5,0.836,1.8,6.6,8.4,2.1,0.7,0.5,1.2,1.9,13.9,17.7,24.1,bobby portis,12.578286,14.754430233774869,2.95,36,58,93,3.323187276867452,Role Player (5-15M),Undervalued,Bobby Portis
116,Tobias Harris,32,DET,PF,73,73,31.6,5.3,11.0,0.477,1.2,3.6,0.345,4.0,7.4,0.542,0.534,2.0,2.3,0.861,0.9,5.0,5.9,2.2,1.0,0.8,1.2,1.9,13.7,13.9,17.6,tobias harris,25.365854,16.899056759052115,-3.0,163,117,49,1.2418269063600225,Superstar (>=25M),Overpaid,Tobias Harris
117,Josh Hart,29,NYK,SG,77,77,37.6,5.2,10.0,0.525,1.1,3.3,0.333,4.2,6.7,0.618,0.579,2.1,2.7,0.776,2.1,7.5,9.6,5.9,1.5,0.4,2.1,2.6,13.6,16.5,15.3,josh hart,18.144,15.682730166794462,0.82,69,75,72,1.7526455026455028,Star (15-25M),Fair Value,Josh Hart
118,Jarrett Allen,26,CLE,C,82,82,28.0,5.5,7.8,0.706,0.0,0.1,0.0,5.5,7.7,0.712,0.706,2.4,3.4,0.718,2.6,7.1,9.7,1.9,0.9,0.9,1.2,1.5,13.5,22.1,15.9,jarrett allen,20.0,15.994050736684642,6.11,14,13,64,1.9,Star (15-25M),STEAL,Jarrett Allen
119,Onyeka Okongwu,24,ATL,C,74,40,27.9,5.2,9.2,0.567,0.6,2.0,0.324,4.6,7.2,0.634,0.602,2.2,2.9,0.759,3.0,5.9,8.9,2.3,0.9,0.9,1.2,2.6,13.4,19.0,17.3,onyeka okongwu,14.0,14.990803664479595,4.01,27,42,85,2.5928571428571425,Role Player (5-15M),STEAL,Onyeka Okongwu
120,Russell Westbrook,36,DEN,PG,75,36,27.9,5.0,11.1,0.449,1.3,3.9,0.323,3.7,7.2,0.517,0.505,2.1,3.1,0.661,1.4,3.6,4.9,6.1,1.4,0.5,3.2,2.5,13.3,14.3,23.8,russell westbrook,5.631296,13.606856216582685,0.69,73,110,140,6.765760492788872,Role Player (5-15M),Fair Value,Russell Westbrook
121,Naji Marshall,27,DAL,SF,69,31,27.8,5.2,10.3,0.508,0.9,3.2,0.275,4.4,7.2,0.611,0.551,1.9,2.3,0.813,1.1,3.7,4.8,3.0,1.0,0.2,1.6,1.6,13.2,15.1,20.0,naji marshall,8.571429,14.091031733398594,1.01,64,95,120,4.09499979525001,Role Player (5-15M),Fair Value,Naji Marshall
123,Rui Hachimura,26,LAL,PF,59,57,31.7,5.0,9.8,0.509,1.7,4.2,0.413,3.2,5.6,0.581,0.597,1.5,1.9,0.77,1.3,3.7,5.0,1.4,0.8,0.4,0.8,1.8,13.1,13.6,15.8,rui hachimura,17.0,15.491277158145301,-1.89,144,121,76,1.7294117647058822,Star (15-25M),Overpaid,Rui Hachimura
124,Brook Lopez,36,MIL,C,80,80,31.8,4.9,9.7,0.509,1.7,4.7,0.373,3.2,5.0,0.636,0.599,1.4,1.7,0.826,1.4,3.6,5.0,1.8,0.6,1.9,1.1,2.1,13.0,14.8,15.8,brook lopez,23.0,16.499124400097617,-1.7,137,101,57,1.3304347826086957,Star (15-25M),Overpaid,Brook Lopez
125,Alex Sarr,19,WAS,C,67,67,27.1,4.9,12.4,0.394,1.6,5.1,0.308,3.3,7.3,0.454,0.457,1.7,2.5,0.679,1.9,4.6,6.5,2.4,0.7,1.5,1.7,2.2,13.0,12.9,23.5,alex sarr,11.24568,14.533340868683263,-1.63,133,135,101,3.2367984861742465,Role Player (5-15M),Overpaid,Alex Sarr
128,Scoot Henderson,20,POR,PG,66,10,26.7,4.3,10.4,0.419,1.6,4.5,0.354,2.8,5.9,0.469,0.496,2.4,3.1,0.767,0.8,2.2,3.0,5.1,1.0,0.2,2.7,2.7,12.7,12.5,22.5,scoot henderson,10.25916,14.369962124753162,-1.87,143,148,107,3.411585353966602,Role Player (5-15M),Overpaid,Scoot Henderson
129,Keldon Johnson,25,SAS,SF,77,0,23.9,4.8,10.0,0.482,1.1,3.6,0.318,3.7,6.4,0.573,0.538,1.9,2.5,0.773,1.5,3.4,4.8,1.6,0.6,0.3,1.0,1.5,12.7,15.6,21.6,keldon johnson,19.0,15.826203978852234,-0.23,95,88,70,1.9578947368421054,Star (15-25M),Fair Value,Keldon Johnson
131,Zaccharie Risacher,19,ATL,SF,75,73,24.6,4.8,10.4,0.458,1.6,4.6,0.355,3.1,5.8,0.54,0.537,1.4,2.0,0.711,1.1,2.4,3.6,1.2,0.7,0.5,1.2,2.0,12.6,12.2,20.9,zaccharie risacher,12.56904,14.752894689266702,-2.55,157,154,94,2.6334549018859033,Role Player (5-15M),Overpaid,Zaccharie Risacher
132,Santi Aldama,24,MEM,PF,65,16,25.5,4.8,10.0,0.483,1.8,5.0,0.368,3.0,5.0,0.599,0.576,1.0,1.4,0.691,1.4,5.0,6.4,2.9,0.8,0.4,1.1,1.2,12.5,16.8,18.5,santi aldama,3.960531,13.332702211919878,3.47,30,71,159,8.912946269073515,Minimum/Vet (<5M),Undervalued,Santi Aldama
134,Keegan Murray,24,SAC,PF,76,76,34.3,4.8,10.8,0.444,2.0,5.9,0.343,2.8,4.9,0.566,0.538,0.8,0.9,0.833,1.9,4.8,6.7,1.4,0.8,0.9,0.8,2.4,12.4,12.0,15.0,keegan murray,8.80956,14.130343405389528,-2.13,147,156,118,3.0648522741203874,Role Player (5-15M),Overpaid,Keegan Murray
136,Harrison Barnes,32,SAS,PF,82,82,27.2,4.2,8.3,0.508,1.9,4.4,0.433,2.3,3.9,0.591,0.622,2.0,2.4,0.809,1.2,2.6,3.8,1.7,0.5,0.2,0.6,0.9,12.3,14.9,15.7,harrison barnes,18.0,15.658612786005788,-0.76,113,98,73,1.7000000000000002,Star (15-25M),Fair Value,Harrison Barnes
137,Bilal Coulibaly,20,WAS,SF,59,59,33.0,4.5,10.6,0.421,1.1,3.8,0.281,3.4,6.8,0.5,0.472,2.3,3.1,0.746,1.5,3.4,5.0,3.4,1.3,0.7,2.1,2.4,12.3,10.8,17.9,bilal coulibaly,6.94524,13.822960982718124,-3.02,164,174,129,4.132326600664627,Role Player (5-15M),Overpaid,Bilal Coulibaly
138,Ayo Dosunmu,25,CHI,SG,46,26,30.3,4.8,9.8,0.492,1.3,4.1,0.328,3.5,5.7,0.612,0.561,1.3,1.7,0.785,0.6,2.9,3.5,4.5,0.9,0.4,1.5,2.3,12.3,12.8,16.6,ayo dosunmu,7.0,13.831976953768192,-1.03,121,139,128,4.2,Role Player (5-15M),Fair Value,Ayo Dosunmu
139,Daniel Gafford,26,DAL,C,57,31,21.5,5.0,7.1,0.702,0.0,0.0,,5.0,7.1,0.702,0.702,2.4,3.4,0.689,2.7,4.1,6.8,1.4,0.4,1.8,1.2,2.7,12.3,24.7,19.5,daniel gafford,13.39416,14.890013859470706,9.81,4,4,88,3.299945647954034,Role Player (5-15M),STEAL,Daniel Gafford
140,Jaden McDaniels,24,MIN,PF,82,82,31.9,4.9,10.2,0.477,1.2,3.7,0.33,3.6,6.5,0.561,0.537,1.3,1.6,0.813,1.6,4.2,5.7,2.0,1.3,0.9,1.2,2.7,12.2,13.3,16.3,jaden mcdaniels,23.017242,16.502033874464388,-3.2,165,131,56,1.2859924746848472,Star (15-25M),Overpaid,Jaden McDaniels
141,Jabari Smith Jr.,21,HOU,PF,57,39,30.1,4.4,9.9,0.438,1.7,4.9,0.354,2.6,5.1,0.519,0.525,1.8,2.2,0.825,1.8,5.2,7.0,1.1,0.4,0.7,1.1,2.2,12.2,12.6,16.4,jabari smith jr,9.77088,14.28918951461171,-1.69,136,144,110,2.968002882033143,Role Player (5-15M),Overpaid,Jabari Smith Jr.
144,Tari Eason,23,HOU,PF,57,16,24.9,4.8,9.8,0.487,1.1,3.2,0.342,3.7,6.6,0.557,0.543,1.4,1.8,0.76,2.2,4.1,6.4,1.5,1.7,0.9,1.1,2.4,12.0,18.5,19.4,tari eason,3.69516,13.289223428191706,5.21,17,47,161,10.25666006343433,Minimum/Vet (<5M),STEAL,Tari Eason
145,Rudy Gobert,32,MIN,C,72,72,33.2,4.7,7.1,0.669,0.0,0.0,,4.7,7.1,0.669,0.669,2.6,3.8,0.674,3.7,7.2,10.9,1.8,0.8,1.4,1.2,2.5,12.0,18.3,13.0,rudy gobert,43.827586,20.06902754503626,-1.77,139,48,12,0.7141620804759816,Superstar (>=25M),Overpaid,Rudy Gobert
146,Aaron Nesmith,25,IND,SF,45,37,25.0,4.3,8.4,0.507,1.9,4.3,0.431,2.4,4.1,0.587,0.617,1.6,1.8,0.913,0.8,3.1,4.0,1.2,0.8,0.4,0.8,2.5,12.0,14.6,17.4,aaron nesmith,11.0,14.492630255687523,0.11,89,104,103,2.909090909090909,Role Player (5-15M),Fair Value,Aaron Nesmith
147,Aaron Wiggins,26,OKC,SG,76,26,22.9,4.7,9.6,0.488,1.7,4.5,0.383,3.0,5.1,0.578,0.577,1.0,1.2,0.831,1.1,2.8,3.9,1.8,0.8,0.2,0.9,1.3,12.0,16.1,20.3,aaron wiggins,10.514017,14.412145466405985,1.69,54,79,105,3.462045001449018,Role Player (5-15M),Undervalued,Aaron Wiggins
149,Jalen Duren,21,DET,C,78,78,26.1,4.8,7.0,0.692,0.0,0.0,,4.8,7.0,0.692,0.692,2.1,3.1,0.669,3.6,6.8,10.3,2.7,0.7,1.1,1.7,3.2,11.8,21.4,16.4,jalen duren,4.53684,13.427187528351396,7.97,7,18,151,8.331790409183485,Minimum/Vet (<5M),STEAL,Jalen Duren
150,Donte DiVincenzo,28,MIN,SG,62,10,25.9,4.0,9.6,0.422,2.8,7.1,0.397,1.2,2.5,0.49,0.568,0.8,1.0,0.778,0.5,3.2,3.7,3.6,1.2,0.3,1.6,1.8,11.7,14.1,19.4,donte divincenzo,11.445,14.566380692491725,-0.47,100,113,100,2.927042376583661,Role Player (5-15M),Fair Value,Donte DiVincenzo
151,Brandin Podziemski,21,GSW,SG,64,33,26.8,4.4,9.8,0.445,1.8,4.8,0.372,2.6,5.0,0.516,0.537,1.1,1.5,0.758,1.0,4.1,5.1,3.4,1.1,0.2,1.2,1.5,11.7,14.4,18.3,brandin podziemski,3.51996,13.260528259990664,1.14,61,108,164,9.289878294071524,Minimum/Vet (<5M),Fair Value,Brandin Podziemski
152,Corey Kispert,25,WAS,SF,61,0,26.3,4.2,9.3,0.451,2.0,5.4,0.364,2.2,3.9,0.574,0.558,1.2,1.4,0.852,0.6,2.4,3.0,1.7,0.4,0.2,1.0,1.6,11.6,11.0,17.5,corey kispert,5.705887,13.619112408060131,-2.62,161,169,139,4.994841292861215,Role Player (5-15M),Overpaid,Corey Kispert
153,Jeremy Sochan,21,SAS,PF,54,23,25.3,4.6,8.7,0.535,0.5,1.7,0.308,4.1,7.0,0.59,0.565,1.6,2.3,0.696,2.4,4.2,6.5,2.4,0.8,0.5,1.6,2.4,11.4,15.9,19.0,jeremy sochan,5.57004,13.596792188081478,2.3,43,82,141,6.265664160401003,Role Player (5-15M),Undervalued,Jeremy Sochan
154,Toumani Camara,24,POR,PF,78,78,32.7,4.2,9.2,0.458,1.7,4.6,0.375,2.5,4.6,0.542,0.552,1.2,1.6,0.722,2.2,3.6,5.8,2.2,1.5,0.6,1.4,2.9,11.3,12.5,14.4,toumani camara,1.891857,12.994244238400244,-0.49,104,148,194,14.218833664489441,Minimum/Vet (<5M),Fair Value,Toumani Camara
155,Isaiah Hartenstein,26,OKC,C,57,53,27.9,4.9,8.4,0.581,0.0,0.3,0.0,4.9,8.1,0.605,0.581,1.4,2.1,0.675,2.9,7.9,10.7,3.8,0.8,1.1,1.7,3.0,11.2,18.9,16.7,isaiah hartenstein,30.0,17.686574389236473,1.21,60,44,37,1.1866666666666665,Superstar (>=25M),Fair Value,Isaiah Hartenstein
156,Buddy Hield,32,GSW,SG,82,22,22.7,4.0,9.6,0.417,2.5,6.7,0.37,1.5,2.9,0.527,0.546,0.6,0.8,0.828,0.6,2.6,3.2,1.6,0.8,0.3,1.1,1.6,11.1,12.3,20.5,buddy hield,8.780488,14.125543300118844,-1.83,142,152,119,3.7355554725432114,Role Player (5-15M),Overpaid,Buddy Hield
157,Jrue Holiday,34,BOS,PG,62,62,30.6,4.1,9.2,0.443,1.7,4.9,0.353,2.4,4.3,0.547,0.538,1.1,1.2,0.909,1.2,3.0,4.3,3.9,1.1,0.4,1.2,1.6,11.1,13.5,15.8,jrue holiday,30.0,17.686574389236473,-4.19,182,125,37,0.9766666666666667,Superstar (>=25M),WAY Overpaid,Jrue Holiday
158,Walker Kessler,23,UTA,C,58,58,30.0,4.8,7.2,0.663,0.1,0.6,0.176,4.7,6.6,0.706,0.671,1.4,2.6,0.52,4.6,7.6,12.2,1.7,0.6,2.4,1.5,2.2,11.1,20.0,13.7,walker kessler,2.96592,13.169836331832705,6.83,11,28,171,11.362410314506123,Minimum/Vet (<5M),STEAL,Walker Kessler
159,Gary Trent Jr.,26,MIL,SG,74,9,25.6,3.8,8.9,0.431,2.4,5.9,0.416,1.4,3.0,0.46,0.568,1.1,1.2,0.848,0.3,2.0,2.3,1.2,1.0,0.1,0.6,1.7,11.1,11.7,17.1,gary trent jr,2.087519,13.026209878851377,-1.33,128,161,186,13.79628161468231,Minimum/Vet (<5M),Fair Value,Gary Trent Jr.
160,Spencer Dinwiddie,31,DAL,PG,79,30,27.0,3.6,8.6,0.416,1.4,4.1,0.334,2.2,4.5,0.492,0.496,2.5,3.1,0.802,0.2,2.4,2.6,4.4,0.9,0.2,1.3,1.5,11.0,13.0,17.9,spencer dinwiddie,2.087519,13.026209878851377,-0.03,90,133,186,14.80226048241956,Minimum/Vet (<5M),Fair Value,Spencer Dinwiddie
161,Tim Hardaway Jr.,32,DET,SG,77,77,28.0,3.6,8.8,0.406,2.2,5.9,0.368,1.4,2.9,0.484,0.529,1.6,1.9,0.855,0.2,2.1,2.4,1.6,0.5,0.1,0.6,1.2,11.0,9.8,15.5,tim hardaway jr,16.193183,15.356454206452382,-5.56,190,185,78,1.5623858508855237,Star (15-25M),WAY Overpaid,Tim Hardaway Jr.
162,Duncan Robinson,30,MIA,SF,74,37,24.1,3.9,9.0,0.437,2.6,6.5,0.393,1.4,2.4,0.556,0.581,0.6,0.7,0.887,0.2,2.0,2.3,2.4,0.5,0.1,1.2,1.8,11.0,11.8,19.2,duncan robinson,19.406,15.894318945995055,-4.09,179,160,68,1.597444089456869,Star (15-25M),WAY Overpaid,Duncan Robinson
163,Guerschon Yabusele,29,PHI,C,70,43,27.1,4.0,8.0,0.501,1.5,3.9,0.38,2.5,4.1,0.616,0.593,1.4,2.0,0.725,1.9,3.7,5.6,2.1,0.8,0.3,1.2,2.3,11.0,14.7,16.3,guerschon yabusele,2.087519,13.026209878851377,1.67,56,102,186,14.850164238026098,Minimum/Vet (<5M),Undervalued,Guerschon Yabusele
164,Brice Sensabaugh,21,UTA,SF,71,15,20.2,3.9,8.4,0.459,2.2,5.2,0.422,1.7,3.2,0.52,0.59,0.9,1.0,0.89,0.6,2.4,3.0,1.5,0.6,0.1,1.5,1.6,10.9,13.4,21.5,brice sensabaugh,2.57148,13.105317456257586,0.29,87,129,175,13.571950783206557,Minimum/Vet (<5M),Fair Value,Brice Sensabaugh
166,Jordan Hawkins,22,NOP,SG,56,9,23.6,3.7,9.9,0.372,2.0,5.9,0.331,1.7,4.0,0.433,0.471,1.4,1.8,0.816,0.4,2.4,2.8,1.2,0.5,0.4,1.0,0.9,10.8,9.6,21.0,jordan hawkins,4.52568,13.425357050955826,-3.83,176,188,152,6.761414859203478,Minimum/Vet (<5M),Overpaid,Jordan Hawkins
167,Brandon Boston Jr.,23,NOP,SG,42,10,23.6,4.0,9.1,0.436,1.2,3.3,0.35,2.8,5.7,0.485,0.5,1.6,2.0,0.788,0.7,2.5,3.2,2.2,1.3,0.2,1.2,1.7,10.7,12.7,20.0,brandon boston jr,0.596581,12.78287952123807,-0.08,92,142,200,54.812338978277886,Minimum/Vet (<5M),Fair Value,Brandon Boston Jr.
169,Grayson Allen,29,PHX,SG,64,7,24.1,3.4,7.6,0.448,2.3,5.5,0.426,1.1,2.2,0.504,0.6,1.5,1.8,0.816,0.5,2.5,3.0,2.1,0.8,0.3,1.2,1.5,10.6,13.7,17.6,grayson allen,15.625,15.261607959540768,-1.56,131,118,80,2.0032,Star (15-25M),Overpaid,Grayson Allen
170,Keon Johnson,22,BRK,SG,79,56,24.4,3.8,9.9,0.389,1.6,5.1,0.314,2.2,4.8,0.468,0.47,1.4,1.8,0.77,0.8,3.0,3.8,2.2,1.0,0.4,1.5,2.6,10.6,10.4,21.7,keon johnson,2.162606,13.03847957011534,-2.64,162,180,181,14.843203061491554,Minimum/Vet (<5M),Overpaid,Keon Johnson
171,Terry Rozier,30,MIA,PG,64,23,25.9,3.9,9.9,0.391,1.4,4.8,0.295,2.5,5.1,0.48,0.462,1.4,1.7,0.852,0.7,3.0,3.7,2.6,0.6,0.2,1.2,1.1,10.6,10.5,20.4,terry rozier,24.924126,16.82427688230111,-6.32,192,177,52,1.239762629991519,Star (15-25M),WAY Overpaid,Terry Rozier
174,Ochai Agbaji,24,TOR,SG,64,45,27.2,4.2,8.3,0.498,1.6,4.0,0.399,2.6,4.4,0.587,0.593,0.5,0.8,0.708,1.0,2.8,3.8,1.5,0.9,0.5,0.8,2.0,10.4,12.0,14.6,ochai agbaji,4.31028,13.39003310488257,-1.39,130,156,155,6.171292816243957,Minimum/Vet (<5M),Fair Value,Ochai Agbaji
175,Jaylen Wells,21,MEM,SG,79,74,25.9,3.6,8.6,0.425,1.7,5.0,0.352,1.9,3.6,0.525,0.527,1.4,1.7,0.822,1.1,2.3,3.4,1.7,0.6,0.1,0.9,1.8,10.4,10.5,15.9,jaylen wells,1.157153,12.874301715975792,-2.37,151,177,198,22.81461483485762,Minimum/Vet (<5M),Overpaid,Jaylen Wells
178,Jose Alvarado,26,NOP,PG,56,23,24.4,3.6,9.3,0.392,2.0,5.5,0.359,1.7,3.8,0.439,0.498,1.1,1.3,0.811,0.5,1.9,2.4,4.6,1.3,0.3,1.5,1.6,10.3,13.4,19.8,jose alvarado,1.988598,13.010047760592226,0.39,80,129,193,16.69517921671449,Minimum/Vet (<5M),Fair Value,Jose Alvarado
179,Nic Claxton,25,BRK,C,70,62,26.9,4.6,8.1,0.563,0.1,0.3,0.238,4.5,7.8,0.576,0.568,1.1,2.2,0.513,2.2,5.1,7.4,2.2,0.9,1.4,1.2,2.1,10.3,16.5,16.8,nic claxton,27.556817,17.27070067958517,-0.77,114,75,44,1.2084124229587183,Superstar (>=25M),Fair Value,Nic Claxton
182,Isaiah Joe,25,OKC,SG,74,16,21.7,3.5,7.9,0.44,2.6,6.3,0.412,0.9,1.6,0.549,0.604,0.6,0.8,0.821,0.6,2.1,2.6,1.6,0.6,0.1,0.5,1.5,10.2,14.0,17.2,isaiah joe,12.99165,14.823102655833972,-0.82,115,114,89,2.401542529239935,Role Player (5-15M),Fair Value,Isaiah Joe
183,Tyus Jones,28,PHX,PG,81,58,26.8,3.8,8.4,0.448,2.0,5.0,0.414,1.7,3.5,0.496,0.57,0.6,0.7,0.895,0.5,1.9,2.4,5.3,0.9,0.1,1.1,0.8,10.2,14.5,16.2,tyus jones,2.087519,13.026209878851377,1.47,58,105,186,14.70645297120649,Minimum/Vet (<5M),Fair Value,Tyus Jones
184,Trendon Watford,24,BRK,PF,44,6,20.8,3.7,8.0,0.469,0.7,2.0,0.33,3.1,6.0,0.515,0.51,2.1,2.8,0.762,0.8,2.8,3.6,2.6,0.6,0.3,1.9,2.2,10.2,13.0,23.3,trendon watford,2.726603,13.13068630935075,-0.13,93,133,173,13.313269295163249,Minimum/Vet (<5M),Fair Value,Trendon Watford
186,Luguentz Dort,25,OKC,SF,71,71,29.2,3.6,8.4,0.435,2.4,5.8,0.412,1.2,2.5,0.489,0.578,0.5,0.6,0.717,1.3,2.9,4.1,1.6,1.1,0.5,0.7,2.9,10.1,11.3,13.6,luguentz dort,16.5,15.407705181084792,-4.11,180,166,77,1.509090909090909,Star (15-25M),WAY Overpaid,Luguentz Dort
188,Derrick Jones Jr.,27,LAC,SF,77,55,24.3,4.0,7.6,0.526,1.0,2.8,0.356,3.0,4.8,0.627,0.593,1.1,1.5,0.703,1.2,2.2,3.4,0.8,1.0,0.4,0.9,2.0,10.1,13.5,16.5,derrick jones jr,9.52381,14.248341736841885,-0.75,112,125,111,3.149999842500008,Role Player (5-15M),Fair Value,Derrick Jones Jr.
189,Ausar Thompson,22,DET,SF,59,48,22.5,4.2,7.8,0.535,0.2,0.8,0.224,4.0,7.0,0.572,0.547,1.5,2.4,0.641,1.9,3.3,5.1,2.3,1.7,0.7,1.4,2.8,10.1,17.2,19.1,ausar thompson,8.376,14.058780315092509,3.14,35,69,121,4.333810888252149,Role Player (5-15M),Undervalued,Ausar Thompson
191,Andrew Nembhard,25,IND,SG,65,65,28.9,3.8,8.3,0.458,0.8,2.7,0.291,3.0,5.6,0.538,0.506,1.7,2.1,0.794,0.5,2.8,3.3,5.0,1.2,0.2,1.7,2.3,10.0,11.7,16.3,andrew nembhard,2.019699,13.015128899865209,-1.32,127,161,192,13.863451930213362,Minimum/Vet (<5M),Fair Value,Andrew Nembhard
192,Ziaire Williams,23,BRK,SF,63,45,24.5,3.4,8.3,0.412,1.6,4.8,0.341,1.8,3.5,0.509,0.511,1.6,2.0,0.821,1.0,3.6,4.6,1.3,1.0,0.4,1.1,2.4,10.0,11.9,18.2,ziaire williams,6.133005,13.689320375110304,-1.79,140,158,133,4.907871426812794,Role Player (5-15M),Overpaid,Ziaire Williams
195,Julian Champagnie,23,SAS,SF,82,29,23.6,3.4,8.1,0.415,2.2,5.9,0.371,1.2,2.3,0.53,0.549,1.0,1.1,0.904,0.8,3.1,3.9,1.4,0.7,0.4,0.9,1.4,9.9,12.2,17.2,julian champagnie,3.0,13.175412691624214,-0.98,119,154,169,9.799999999999999,Minimum/Vet (<5M),Fair Value,Julian Champagnie
196,Scotty Pippen Jr.,24,MEM,PG,79,21,21.3,3.6,7.5,0.48,1.1,2.8,0.397,2.5,4.7,0.528,0.553,1.5,2.2,0.713,0.8,2.5,3.3,4.4,1.3,0.4,1.7,2.6,9.9,15.8,19.3,scotty pippen jr,2.087519,13.026209878851377,2.77,38,83,186,16.814218217894066,Minimum/Vet (<5M),Undervalued,Scotty Pippen Jr.
197,Nick Smith Jr.,20,CHO,SG,60,27,22.8,3.7,9.5,0.391,1.7,5.1,0.34,2.0,4.4,0.45,0.482,0.7,0.8,0.935,0.2,1.9,2.1,2.4,0.3,0.1,1.4,1.3,9.9,8.3,20.8,nick smith jr,2.5872,13.107888028850851,-4.81,187,196,174,11.247680890538033,Minimum/Vet (<5M),WAY Overpaid,Nick Smith Jr.
198,Bub Carrington,19,WAS,PG,82,57,30.0,3.7,9.1,0.401,1.7,5.0,0.339,2.0,4.2,0.475,0.493,0.8,1.0,0.812,0.4,3.8,4.2,4.4,0.7,0.3,1.7,2.3,9.8,9.0,15.8,bub carrington,4.45488,13.41374508639007,-4.41,185,193,153,5.566928851057717,Minimum/Vet (<5M),WAY Overpaid,Bub Carrington
199,Moses Moody,22,GSW,SG,74,34,22.3,3.3,7.7,0.433,1.7,4.6,0.374,1.6,3.1,0.519,0.544,1.4,1.8,0.797,0.7,1.9,2.6,1.3,0.8,0.4,0.7,1.6,9.8,12.4,17.4,moses moody,5.803269,13.635115572810905,-1.24,124,150,137,5.135036821488026,Role Player (5-15M),Fair Value,Moses Moody
200,Amir Coffey,27,LAC,SG,72,13,24.3,3.3,7.1,0.471,1.4,3.4,0.409,1.9,3.7,0.529,0.57,1.6,1.8,0.891,0.4,1.8,2.2,1.1,0.6,0.1,0.6,1.7,9.7,11.2,15.3,amir coffey,3.938271,13.3290544085291,-2.13,147,168,160,6.728841158975602,Minimum/Vet (<5M),Overpaid,Amir Coffey
202,Kyle Filipowski,21,UTA,C,72,27,21.1,3.6,7.2,0.502,1.1,3.1,0.35,2.5,4.1,0.614,0.576,1.3,2.0,0.65,1.6,4.6,6.1,1.9,0.7,0.3,1.4,2.4,9.6,14.9,18.7,kyle filipowski,3.0,13.175412691624214,1.72,53,98,169,11.200000000000001,Minimum/Vet (<5M),Undervalued,Kyle Filipowski
204,Miles McBride,24,NYK,PG,64,10,24.9,3.5,8.5,0.406,1.8,4.9,0.369,1.7,3.7,0.455,0.511,0.8,1.0,0.813,0.7,1.8,2.5,2.9,1.0,0.3,0.6,1.7,9.5,12.6,16.8,miles mcbride,4.710144,13.455617155870199,-0.86,116,144,150,6.241847383009946,Minimum/Vet (<5M),Fair Value,Miles McBride
205,Jalen Wilson,24,BRK,PF,79,22,25.7,3.1,7.8,0.397,1.5,4.6,0.337,1.6,3.3,0.481,0.495,1.7,2.1,0.818,0.9,2.5,3.4,1.8,0.5,0.1,1.0,2.1,9.5,9.5,16.6,jalen wilson,1.891857,12.994244238400244,-3.49,172,189,194,13.795968722794589,Minimum/Vet (<5M),Overpaid,Jalen Wilson
206,Nickeil Alexander-Walker,26,MIN,SG,82,10,25.3,3.3,7.5,0.438,1.7,4.5,0.381,1.6,3.0,0.524,0.553,1.1,1.4,0.78,0.7,2.6,3.2,2.7,0.6,0.4,1.2,1.7,9.4,11.6,16.0,nickeil alexander-walker,4.3125,13.390397107362235,-1.79,140,163,154,6.4,Minimum/Vet (<5M),Overpaid,Nickeil Alexander-Walker
208,Anthony Black,21,ORL,PG,78,10,24.2,3.4,7.9,0.423,0.8,2.5,0.318,2.6,5.4,0.471,0.473,1.9,2.5,0.761,0.7,2.3,2.9,3.1,1.1,0.6,1.8,2.1,9.4,11.6,19.6,anthony black,7.60776,13.932093171412884,-2.33,150,163,125,4.101075743714313,Role Player (5-15M),Overpaid,Anthony Black
209,Max Strus,28,CLE,SF,50,37,25.5,3.3,7.5,0.442,2.3,5.9,0.386,1.0,1.6,0.65,0.594,0.6,0.7,0.824,1.1,3.3,4.3,3.2,0.5,0.2,1.1,2.1,9.4,12.6,14.7,max strus,15.212068,15.192729383163895,-2.59,160,144,83,1.7946277915665376,Star (15-25M),Overpaid,Max Strus
213,Kel'el Ware,20,MIA,C,64,36,22.2,4.0,7.3,0.554,0.5,1.7,0.315,3.5,5.5,0.629,0.592,0.7,1.0,0.687,1.8,5.6,7.4,0.9,0.6,1.1,0.9,1.7,9.3,17.4,17.2,kel'el ware,4.2318,13.377165934620566,4.02,26,67,156,8.176189801030294,Minimum/Vet (<5M),STEAL,Kel'el Ware
214,Zach Edey,22,MEM,C,66,55,21.5,3.8,6.6,0.58,0.3,0.8,0.346,3.5,5.8,0.612,0.6,1.4,1.9,0.709,3.5,4.8,8.3,1.0,0.5,1.3,1.3,2.8,9.2,18.2,16.4,zach edey,5.75688,13.627491984823305,4.57,21,50,138,6.010199969427884,Role Player (5-15M),STEAL,Zach Edey
215,Wendell Carter Jr.,25,ORL,C,68,51,25.9,3.3,7.2,0.46,0.5,2.3,0.234,2.8,4.9,0.568,0.498,1.9,2.6,0.737,2.2,5.0,7.2,2.0,0.8,0.6,1.1,2.9,9.1,13.7,16.0,wendell carter jr,11.95,14.6501363120666,-0.95,118,118,98,2.485355648535565,Role Player (5-15M),Fair Value,Wendell Carter Jr.
216,Noah Clowney,20,BRK,PF,46,20,22.7,2.9,8.1,0.358,1.9,5.7,0.333,1.0,2.4,0.414,0.474,1.5,1.7,0.838,0.9,3.0,3.9,0.9,0.5,0.5,1.0,2.3,9.1,9.2,19.0,noah clowney,3.24408,13.215359098944642,-4.02,178,191,166,8.692757268624694,Minimum/Vet (<5M),WAY Overpaid,Noah Clowney
220,Yves Missi,20,NOP,C,73,67,26.8,3.7,6.7,0.547,0.0,0.0,0.0,3.7,6.7,0.548,0.547,1.7,2.8,0.623,3.5,4.7,8.2,1.4,0.5,1.3,1.1,2.0,9.1,15.4,14.3,yves missi,3.1932,13.207030764815194,2.19,45,92,167,9.301014656144307,Minimum/Vet (<5M),Undervalued,Yves Missi
221,Royce O'Neale,31,PHX,SF,75,22,24.5,3.2,7.6,0.423,2.4,5.9,0.406,0.8,1.7,0.481,0.58,0.3,0.3,0.731,0.7,3.9,4.7,2.2,0.9,0.5,0.9,2.0,9.1,12.6,15.5,royce o'neale,9.375,14.223746691223951,-1.62,132,144,113,2.9973333333333336,Role Player (5-15M),Overpaid,Royce O'Neale
224,Draymond Green,34,GSW,PF,68,66,29.2,3.2,7.5,0.424,1.2,3.6,0.325,2.0,3.9,0.517,0.503,1.5,2.2,0.687,1.1,5.0,6.1,5.6,1.5,1.0,2.6,3.2,9.0,12.4,15.9,draymond green,24.107143,16.68610170893988,-4.29,183,150,53,1.1739259189693279,Star (15-25M),WAY Overpaid,Draymond Green
226,Al Horford,38,BOS,C,60,42,27.7,3.3,7.7,0.423,1.9,5.2,0.363,1.4,2.5,0.551,0.547,0.6,0.6,0.895,1.3,4.8,6.2,2.1,0.6,0.9,0.8,1.4,9.0,12.9,13.8,al horford,9.5,14.2444060831191,-1.34,129,135,112,2.810526315789474,Role Player (5-15M),Fair Value,Al Horford
227,Julian Strawther,22,DEN,SG,65,4,21.3,3.2,7.5,0.432,1.4,4.1,0.349,1.8,3.3,0.535,0.529,1.1,1.4,0.822,0.3,1.9,2.2,1.3,0.6,0.2,0.9,2.3,9.0,9.5,17.8,julian strawther,2.55252,13.102217155013605,-3.6,174,189,176,10.695312867284096,Minimum/Vet (<5M),Overpaid,Julian Strawther
228,Patrick Williams,23,CHI,PF,63,36,25.0,3.3,8.2,0.397,1.5,4.3,0.353,1.7,3.9,0.447,0.49,1.0,1.3,0.723,0.7,3.1,3.8,2.0,0.8,0.5,1.4,1.4,9.0,9.0,16.9,patrick williams,18.0,15.658612786005788,-6.66,195,193,73,1.4388888888888889,Star (15-25M),WAY Overpaid,Patrick Williams
230,Clint Capela,30,ATL,C,55,41,21.4,4.0,7.1,0.559,0.0,0.0,0.0,4.0,7.1,0.56,0.559,0.9,1.8,0.536,3.2,5.4,8.5,1.1,0.6,1.0,0.9,1.9,8.9,17.7,16.7,clint capela,22.26528,16.375215818422312,1.32,59,58,61,1.5450063956078701,Star (15-25M),Fair Value,Clint Capela
232,Luke Kennard,28,MEM,SG,65,11,22.6,3.2,6.6,0.478,1.7,4.0,0.433,1.4,2.6,0.547,0.609,0.8,0.9,0.895,0.6,2.2,2.8,3.3,0.8,0.1,1.1,0.9,8.9,13.6,14.5,luke kennard,9.25,14.203091292531708,-0.6,108,121,114,3.037837837837838,Role Player (5-15M),Fair Value,Luke Kennard
233,Justin Champagnie,23,WAS,SF,62,31,21.6,3.4,6.6,0.511,1.2,3.1,0.383,2.2,3.5,0.624,0.601,0.8,1.2,0.685,1.8,3.9,5.7,1.0,1.0,0.6,0.9,1.8,8.8,15.7,15.6,justin champagnie,1.8,12.979240775737212,2.72,39,86,197,17.388888888888886,Minimum/Vet (<5M),Undervalued,Justin Champagnie
235,Chris Paul,39,SAS,PG,82,82,28.0,3.0,7.1,0.427,1.7,4.5,0.377,1.3,2.6,0.514,0.547,1.0,1.1,0.924,0.4,3.2,3.6,7.4,1.3,0.3,1.6,1.8,8.8,14.7,14.0,chris paul,10.46,14.403203311118531,0.3,86,102,106,2.7437858508604203,Role Player (5-15M),Fair Value,Chris Paul
237,Dorian Finney-Smith,31,LAL,PF,43,20,28.8,2.8,6.4,0.442,1.9,4.8,0.398,0.9,1.6,0.571,0.591,0.3,0.5,0.714,1.1,2.5,3.6,1.4,0.9,0.3,0.9,1.9,7.9,10.5,12.666666666666666,dorian finney-smith,14.924167,15.144732220195223,-4.64,186,177,84,1.5522921089442823,Role Player (5-15M),WAY Overpaid,Dorian Finney-Smith
239,Kentavious Caldwell-Pope,31,ORL,SG,77,77,29.6,3.1,7.1,0.439,1.5,4.3,0.342,1.6,2.8,0.589,0.543,1.1,1.2,0.863,0.4,1.8,2.2,1.8,1.3,0.4,0.8,1.8,8.7,9.9,12.4,kentavious caldwell-pope,22.757,16.45812782535221,-6.56,194,182,59,0.9799182669068858,Star (15-25M),WAY Overpaid,Kentavious Caldwell-Pope
240,Isaiah Collier,20,UTA,PG,71,46,25.9,3.3,7.8,0.422,0.6,2.4,0.249,2.7,5.4,0.497,0.459,1.5,2.2,0.682,0.5,2.9,3.3,6.3,0.9,0.2,2.9,2.1,8.7,9.7,18.9,isaiah collier,2.51268,13.095702897311538,-3.4,170,187,177,11.38226913096773,Minimum/Vet (<5M),Overpaid,Isaiah Collier
242,Kyshawn George,21,WAS,SG,68,38,26.5,3.0,8.0,0.372,1.7,5.2,0.322,1.3,2.8,0.464,0.476,1.0,1.4,0.753,0.7,3.5,4.2,2.5,1.0,0.7,1.4,3.0,8.7,8.8,15.9,kyshawn george,2.82552,13.14686643058398,-4.35,184,195,172,8.741753730286815,Minimum/Vet (<5M),WAY Overpaid,Kyshawn George
245,Tyrese Martin,25,BRK,SG,60,11,21.9,3.2,7.8,0.406,1.7,4.7,0.351,1.5,3.1,0.492,0.513,0.8,1.0,0.793,1.0,2.7,3.7,2.0,0.6,0.2,1.2,1.3,8.7,10.9,18.8,tyrese martin,0.635853,12.789281671114734,-1.89,144,171,199,46.708909134658484,Minimum/Vet (<5M),Overpaid,Tyrese Martin
247,Jaime Jaquez Jr.,23,MIA,SF,66,17,20.7,3.2,7.0,0.461,0.6,1.8,0.311,2.7,5.2,0.513,0.501,1.6,2.2,0.754,1.3,3.1,4.4,2.5,0.9,0.2,1.5,1.2,8.6,14.3,20.2,jaime jaquez jr,3.6858,13.287690200305718,1.01,64,110,162,9.360247436106137,Minimum/Vet (<5M),Fair Value,Jaime Jaquez Jr.
248,Ja'Kobe Walter,20,TOR,SG,52,18,21.2,3.1,7.6,0.405,1.3,3.6,0.349,1.8,4.0,0.454,0.487,1.3,1.6,0.795,1.1,1.9,3.1,1.6,0.8,0.2,1.0,1.8,8.6,10.8,18.2,ja'kobe walter,3.465,13.251528241431053,-2.45,153,174,165,8.36940836940837,Minimum/Vet (<5M),Overpaid,Ja'Kobe Walter
249,Sam Hauser,27,BOS,PF,71,19,21.7,3.0,6.7,0.451,2.3,5.6,0.416,0.7,1.1,0.64,0.627,0.2,0.2,1.0,0.6,2.5,3.2,0.9,0.6,0.2,0.3,1.2,8.5,12.8,14.3,sam hauser,2.092344,13.026998271084045,-0.23,95,139,185,12.951981127386318,Minimum/Vet (<5M),Fair Value,Sam Hauser
253,Cason Wallace,21,OKC,SG,68,43,27.6,3.4,7.2,0.474,1.1,3.1,0.356,2.3,4.1,0.562,0.55,0.4,0.5,0.811,1.0,2.3,3.4,2.5,1.8,0.5,0.9,2.1,8.4,12.3,12.8,cason wallace,5.55588,13.594465913353726,-1.29,126,152,142,4.51773616420801,Role Player (5-15M),Fair Value,Cason Wallace
257,Keon Ellis,25,SAC,SG,80,28,24.4,2.8,5.8,0.489,1.7,4.0,0.433,1.1,1.8,0.615,0.639,0.9,1.1,0.849,0.8,1.9,2.7,1.5,1.5,0.8,0.9,2.2,8.3,13.5,12.7,keon ellis,2.120693,13.031630542843352,0.47,78,125,183,12.354452058831711,Minimum/Vet (<5M),Fair Value,Keon Ellis
259,Mike Conley,37,MIN,PG,71,64,24.7,2.6,6.6,0.4,1.8,4.4,0.41,0.8,2.2,0.38,0.535,1.1,1.3,0.9,0.5,2.1,2.6,4.5,1.1,0.2,1.1,1.6,8.2,13.3,14.4,mike conley,9.975962,14.32310731727571,-1.02,120,131,109,2.7766745703321645,Role Player (5-15M),Fair Value,Mike Conley
260,Taurean Prince,30,MIL,SF,80,73,27.1,2.9,6.4,0.457,1.8,4.2,0.439,1.1,2.2,0.492,0.6,0.5,0.6,0.813,0.4,3.2,3.6,1.9,1.0,0.2,1.0,2.1,8.2,9.8,12.5,taurean prince,2.087519,13.026209878851377,-3.23,167,185,186,10.682537500257483,Minimum/Vet (<5M),Overpaid,Taurean Prince
263,Peyton Watson,22,DEN,SF,68,18,24.4,3.0,6.3,0.477,0.7,2.0,0.353,2.3,4.3,0.534,0.533,1.4,2.0,0.693,0.7,2.7,3.4,1.4,0.7,1.4,0.8,1.8,8.1,11.4,13.9,peyton watson,2.41356,13.07949749812859,-1.68,135,165,179,10.482440875718856,Minimum/Vet (<5M),Overpaid,Peyton Watson
276,A.J. Green,25,MIL,SG,73,7,22.7,2.5,5.8,0.429,2.1,5.0,0.427,0.4,0.8,0.443,0.612,0.3,0.4,0.815,0.2,2.1,2.4,1.5,0.5,0.1,0.5,2.2,7.4,9.2,12.6,aj green,2.120693,13.031630542843352,-3.83,176,191,183,10.27965858330272,Minimum/Vet (<5M),Overpaid,A.J. Green
277,Josh Green,24,CHO,SG,68,67,27.8,2.6,6.2,0.428,1.4,3.6,0.391,1.2,2.5,0.48,0.543,0.7,1.1,0.681,0.8,1.7,2.5,1.6,1.1,0.2,1.0,2.4,7.4,7.8,11.8,josh green,12.654321,14.767058698816792,-6.97,197,198,92,1.5488780472693875,Role Player (5-15M),WAY Overpaid,Josh Green
284,Goga Bitadze,25,ORL,C,70,42,20.4,3.0,4.8,0.611,0.0,0.4,0.107,2.9,4.4,0.656,0.615,1.2,1.9,0.639,2.4,4.2,6.6,2.0,0.7,1.4,1.0,2.1,7.2,19.2,14.3,goga bitadze,9.057971,14.171367587327884,5.03,18,39,117,3.69840000591744,Role Player (5-15M),STEAL,Goga Bitadze
285,Tristan Da Silva,23,ORL,SF,74,38,22.0,2.7,6.5,0.412,1.1,3.2,0.335,1.6,3.3,0.488,0.495,0.7,0.9,0.873,1.0,2.3,3.3,1.5,0.4,0.2,0.8,1.3,7.2,9.9,15.2,tristan da silva,3.62844,13.278294754343268,-3.38,168,182,163,6.917573392422089,Minimum/Vet (<5M),Overpaid,Tristan Da Silva
287,Vit Krejci,24,ATL,PG,57,16,20.2,2.5,5.1,0.497,1.6,3.6,0.437,1.0,1.5,0.64,0.651,0.6,0.8,0.711,0.4,2.4,2.7,2.6,0.6,0.5,0.9,1.8,7.2,12.7,12.9,vit krejci,2.162606,13.03847957011534,-0.34,98,142,181,11.837570042809464,Minimum/Vet (<5M),Fair Value,Vit Krejci
311,DaQuan Jeffries,27,CHO,SG,47,20,22.8,2.5,6.2,0.405,1.2,3.5,0.335,1.3,2.7,0.496,0.5,0.5,0.6,0.8,0.8,2.1,2.9,1.1,0.6,0.5,0.7,2.1,6.7,7.9,13.5,daquan jeffries,2.425404,13.081433773908689,-5.18,188,197,178,8.82327232906353,Minimum/Vet (<5M),WAY Overpaid,DaQuan Jeffries
314,Precious Achiuwa,25,NYK,C,57,10,20.5,2.9,5.7,0.502,0.2,0.6,0.278,2.7,5.1,0.529,0.517,0.7,1.2,0.594,1.8,3.8,5.6,1.0,0.8,0.7,0.8,1.4,6.6,13.6,14.9,precious achiuwa,6.0,13.667452540753258,-0.07,91,121,135,4.75,Role Player (5-15M),Fair Value,Precious Achiuwa
321,Haywood Highsmith,28,MIA,SF,74,42,24.6,2.4,5.3,0.458,1.2,3.1,0.382,1.2,2.1,0.57,0.572,0.4,0.6,0.721,1.0,2.4,3.4,1.5,0.9,0.5,0.7,2.2,6.5,9.9,11.3,haywood highsmith,5.2,13.536017017131202,-3.64,175,182,145,4.0769230769230775,Role Player (5-15M),Overpaid,Haywood Highsmith
327,Kris Dunn,30,LAC,PG,74,58,24.1,2.6,5.9,0.439,1.0,3.0,0.335,1.6,2.9,0.549,0.525,0.2,0.3,0.682,0.7,2.7,3.4,2.8,1.7,0.4,1.0,2.7,6.4,11.3,12.7,kris dunn,5.168,13.530762998267413,-2.23,149,166,146,4.643962848297213,Role Player (5-15M),Overpaid,Kris Dunn
330,Gabe Vincent,28,LAL,PG,72,11,21.2,2.3,5.8,0.4,1.5,4.3,0.353,0.8,1.5,0.532,0.53,0.2,0.3,0.714,0.3,1.0,1.3,1.4,0.7,0.2,0.6,2.1,6.4,7.4,13.5,gabe vincent,11.0,14.492630255687523,-7.09,198,199,103,1.9,Role Player (5-15M),WAY Overpaid,Gabe Vincent
335,Jonathan Mogbo,23,TOR,PF,63,18,20.4,2.5,5.7,0.438,0.3,1.1,0.243,2.2,4.5,0.486,0.462,1.0,1.3,0.732,1.7,3.2,4.9,2.3,0.9,0.5,1.1,2.2,6.2,11.9,15.0,jonathan mogbo,1.862265,12.989410593774299,-1.09,123,158,196,14.444775582422478,Minimum/Vet (<5M),Fair Value,Jonathan Mogbo
366,Dean Wade,28,CLE,PF,59,30,21.2,1.9,4.6,0.413,1.4,3.8,0.36,0.5,0.8,0.653,0.561,0.3,0.5,0.533,0.9,3.4,4.2,1.3,0.7,0.3,0.4,1.7,5.4,10.1,10.4,dean wade,6.166667,13.694855583500354,-3.59,173,181,132,3.3243241446311274,Role Player (5-15M),Overpaid,Dean Wade
375,Javonte Green,31,NOP,SG,50,18,21.8,2.0,4.5,0.446,0.8,2.2,0.352,1.2,2.3,0.534,0.531,1.0,1.3,0.758,1.0,2.6,3.6,0.9,1.1,0.6,0.6,1.5,5.8,10.566666666666666,13.633333333333333,javonte green,2.32835,13.06556828983868,-2.5,156,176,180,10.393626387785341,Minimum/Vet (<5M),Overpaid,Javonte Green
394,Cody Williams,20,UTA,SG,50,21,21.2,1.7,5.1,0.323,0.7,2.7,0.259,1.0,2.4,0.393,0.391,0.6,0.8,0.725,0.5,1.7,2.3,1.2,0.5,0.3,0.9,1.9,4.6,3.7,12.5,cody williams,5.46912,13.580213670938505,-9.88,200,200,143,2.9620853080568716,Role Player (5-15M),WAY Overpaid,Cody Williams
